,f1,f2,f3,f4,f5,f6,f7,f8,f9,f10,f11,f12,f13,f14,f15,f16,f17,f18,f19,f20,s1,s2,s3,s4,s5,s6,s7,s8,s9,s10,s11,s12,s13,s14,s15,s16,s17,s18,s19,s20,s21,s22,s23,s24,s25,s26,s27,s28,s29,s30
0,-547.5936889648438,182.50978088378906,37.937355041503906,-16.84651756286621,-1.3917930126190186,1.3248368501663208,-13.556572914123535,-13.16728401184082,-4.734851360321045,-6.718322277069092,-9.740620613098145,-5.135675430297852,-1.8178540468215942,0.6484919786453247,10.452962875366211,22.25206756591797,26.023401260375977,20.18985366821289,8.526167869567871,-4.872424125671387,537.0715714,763.1531525,762.8507233,763.6910248,763.6910248,553.6669922,566.2719727,581.2274933,0.0,0.0,0.0,603.3855438,606.3226318,605.3687668,606.0157776,606.0586166,606.0586166,605.8727264,605.8463669,605.125351,602.765007,602.5244141,602.5244141,603.2049561,766.2913513,766.811676,608.8232422,609.7964859,609.7964859,0.0
1,-507.1546936035156,211.74429321289062,33.21848678588867,-26.41165542602539,-1.870329737663269,0.2627629041671753,-18.93355369567871,-16.659975051879883,-6.1892595291137695,-10.167423248291016,-14.620936393737793,-5.099606037139893,5.729526519775391,6.860226154327393,6.6613054275512695,8.743709564208984,4.979382514953613,-2.161508560180664,-1.549841284751892,7.296624660491943,606.5347672,602.9216385,763.6244965,594.262352,594.262352,584.3269348,575.8210754,567.1755981,557.5959778,547.8930664,547.8930664,539.690094,535.5715561,536.0484314,535.7105637,536.4028168,536.4028168,539.8706818,534.6444321,533.7104034,534.7517395,534.0758514,534.0758514,537.8504562,531.2268448,532.0230484,530.395813,528.454361,528.454361,761.8241882
2,-459.1793212890625,202.46401977539062,22.484058380126953,-27.67426872253418,-2.3582592010498047,-3.913093328475952,-14.265836715698242,-8.834577560424805,-8.871877670288086,-13.530529975891113,-9.774070739746094,-2.7379724979400635,3.329099416732788,7.047333717346191,3.436586618423462,-3.3831658363342285,-5.223750114440918,-2.935584545135498,0.9664732217788696,6.561871528625488,761.3699341,761.3552856,761.2619019,761.9630432,761.9630432,761.4635468,539.2969513,530.4337692,526.4144516,0.0,0.0,0.0,0.0,512.46521,510.4706955,0.0,0.0,0.0,494.4749832,491.3028336,490.8951187,492.0043564,492.0043564,762.5708008,762.1286011,762.3112488,761.8489838,762.2130585,762.2130585,761.162262
3,-446.6307067871094,211.37466430664062,12.299099922180176,-33.203548431396484,-3.327185869216919,-11.966245651245117,-24.265993118286133,-12.778261184692383,-8.485260009765625,-10.596909523010254,-1.4069708585739136,8.347065925598145,7.223057746887207,5.3288044929504395,10.23359203338623,14.152900695800781,12.203747749328613,7.985044479370117,1.749820590019226,-5.613982677459717,761.5103149,760.5094147,760.112381,761.4877319,761.4877319,761.3046265,488.9736938,761.5026855,761.55159,761.0471344,761.0471344,761.5139008,760.8560944,760.9378815,761.464386,761.4640808,761.4640808,761.6304779,761.283493,760.7112122,532.2716141,534.5932388,534.5932388,532.7937317,532.4584198,532.8313446,532.5892639,534.4778061,534.4778061,536.1125565
4,-446.79742431640625,197.1029052734375,14.067633628845215,-33.141448974609375,-8.750936508178711,-13.869656562805176,-21.842527389526367,-10.863059043884277,-10.585891723632812,-13.653010368347168,0.9875121712684631,17.324975967407227,19.42332649230957,15.015857696533203,11.000605583190918,5.888070583343506,-0.15597942471504211,-3.6581807136535645,-3.2947139739990234,-1.9523118734359741,534.7634125,535.1631927,533.5006332,533.9717102,533.9717102,534.5659256,534.276886,535.5554581,535.9176636,760.7126617,760.7126617,761.3305664,762.2380066,761.9963837,761.2245941,761.289978,761.289978,761.3552856,761.0172272,760.5246735,762.3389435,504.5365524,504.5365524,761.1089325,760.9747314,760.3678131,760.5622101,760.674057,760.674057,501.6656494
5,-492.0348815917969,208.95455932617188,19.65365982055664,-33.72599792480469,-1.423891305923462,-1.0726127624511719,-18.90389060974121,-12.454142570495605,-6.758500576019287,-14.424117088317871,-12.304258346557617,-1.2732701301574707,3.199352741241455,7.667699337005615,19.233306884765625,26.91230010986328,22.726173400878906,11.913330078125,0.7602591514587402,-8.618762969970703,761.3032532,762.6898956,760.9860992,760.6356812,760.6356812,760.5789948,760.6864166,760.9090424,761.2911224,760.8332062,760.8332062,761.2251282,761.0125732,761.3794708,761.3285065,762.2071838,762.2071838,761.9372559,761.8725586,508.7962723,509.1903305,511.0164642,511.0164642,510.3139496,755.0562286,749.2573547,0.0,0.0,0.0,508.0270004
6,-454.3773498535156,199.93077087402344,18.21836280822754,-24.473854064941406,0.347199946641922,-10.615139961242676,-21.131389617919922,-6.572908878326416,-4.916318893432617,-13.580824851989746,-8.437102317810059,0.8922422528266907,7.231734275817871,18.240432739257812,26.522607803344727,21.229171752929688,7.178901672363281,-6.460872173309326,-13.615220069885254,-10.372749328613281,506.2650681,509.0296555,507.744751,702.7709198,702.7709198,709.4848633,717.7141571,722.6610565,727.4498749,729.1435242,729.1435242,730.9637451,504.0727997,728.9559937,729.1955566,728.8185883,728.8185883,731.0133362,730.9507751,734.6324158,736.9159698,739.3234253,739.3234253,741.2499237,741.0005188,741.5658569,735.885849,725.1179504,725.1179504,494.546814
7,-476.2798156738281,201.98936462402344,32.27329635620117,-24.42032814025879,-4.893424034118652,-5.271728038787842,-17.329465866088867,-9.989505767822266,-5.438293933868408,-12.230664253234863,-9.508658409118652,2.3022873401641846,9.717086791992188,14.790215492248535,19.086015701293945,15.094273567199707,2.6060237884521484,-9.813451766967773,-14.4818115234375,-9.099027633666992,487.0248032,475.7291031,465.2584839,452.654953,452.654953,442.5886154,438.0653,688.9977264,432.6543427,712.2008514,712.2008514,726.3026428,728.9469147,732.1527863,732.8094482,437.2504425,437.2504425,437.234993,436.1246872,432.0917511,430.0029755,428.4746933,428.4746933,429.5372772,427.8625488,430.0321579,757.3249054,759.0811157,759.0811157,763.0314636
8,-442.83575439453125,232.58387756347656,33.490684509277344,-29.086807250976562,-6.880631923675537,-8.050973892211914,-18.334993362426758,-9.56069278717041,-5.3451690673828125,-9.535001754760742,-5.306895732879639,3.7424986362457275,7.10038948059082,4.27813720703125,-3.1761577129364014,-11.7443208694458,-14.942888259887695,-11.699798583984375,-6.739676475524902,-3.0538551807403564,764.4955444,766.7569733,771.2283325,770.9866333,770.9866333,771.0324097,766.7970276,763.7083435,434.3235016,437.4491882,437.4491882,761.0247803,448.4150696,450.9651566,453.6845016,761.1327362,761.1327362,758.0744171,455.6773376,738.4470367,455.5386734,456.1214447,456.1214447,675.4867554,455.4272461,455.5990219,455.650177,455.8144379,455.8144379,454.2754364
9,-437.2898254394531,249.4679412841797,34.99925231933594,-29.343307495117188,-1.6738017797470093,-0.3736940920352936,-11.795000076293945,-7.493296146392822,-6.496541976928711,-9.060775756835938,-2.589275598526001,4.932864665985107,2.3436973094940186,-6.731555461883545,-12.997832298278809,-14.455817222595215,-13.26274585723877,-8.046485900878906,-1.774319052696228,-1.3737781047821045,452.599678,450.6065369,681.5798187,687.4170685,687.4170685,446.4948654,692.7459717,693.9530182,700.1926422,454.425087,454.425087,705.5400848,702.614975,705.666275,704.8043823,701.2399292,701.2399292,694.6957397,436.648407,436.1543655,658.3088684,435.6626129,435.6626129,638.9256668,629.0103912,622.6444244,618.3796692,613.9889526,613.9889526,613.9029694
10,-433.3004150390625,224.96080017089844,38.13339614868164,-23.5515193939209,-3.202181100845337,-0.6059550642967224,-9.780155181884766,-6.867623329162598,-6.664999961853027,-10.231208801269531,-4.171247959136963,3.3185088634490967,0.795417845249176,-4.307101249694824,-7.117867469787598,-11.136609077453613,-13.383509635925293,-10.049802780151367,-4.586515426635742,-3.2361698150634766,613.5500336,610.737648,612.3696518,616.064682,616.064682,621.4970016,630.7553482,634.4582748,638.9673996,642.0220947,642.0220947,639.366188,642.510376,642.244339,641.4419556,641.3053894,641.3053894,500.7746506,501.0569763,502.0986557,501.1899948,661.3417816,661.3417816,703.2804108,724.1092682,726.5470123,688.7405396,700.864563,700.864563,706.4673615
11,-406.15643310546875,226.69808959960938,23.74942970275879,-33.48455047607422,-4.783018112182617,-4.404671669006348,-16.634063720703125,-11.871246337890625,-9.618216514587402,-11.570155143737793,-6.734086513519287,-0.6399495601654053,1.8163388967514038,0.7699726223945618,-5.488490104675293,-12.460098266601562,-13.108187675476074,-9.113844871520996,-5.587323188781738,-1.7429479360580444,708.9149475,711.052475,709.8220825,711.0559845,711.0559845,714.876709,715.5210114,715.0828552,718.0819702,721.4936066,721.4936066,518.8605118,519.9354553,520.8866119,522.7499008,527.4929428,527.4929428,714.372406,715.1828003,714.8647308,713.8065338,525.9460831,525.9460831,529.6540451,527.336998,713.6204529,529.5944595,711.9047546,711.9047546,712.0355225
12,-422.0316467285156,220.9910888671875,28.798738479614258,-27.163110733032227,-2.639338254928589,-8.754596710205078,-21.70263671875,-8.610657691955566,-5.3143205642700195,-16.510330200195312,-11.088956832885742,3.5836853981018066,5.864089012145996,3.5255157947540283,4.3555121421813965,0.2522408366203308,-7.881579399108887,-10.619544982910156,-8.114407539367676,-5.370502471923828,711.8978119,711.5997314,714.9780273,715.4615021,715.4615021,718.5015869,595.546608,589.6882629,597.0355988,698.5668182,698.5668182,695.276947,695.0144958,691.6543579,686.9487,684.6115112,684.6115112,685.1597595,688.1236267,688.9625549,687.5922394,688.2769775,688.2769775,688.891983,688.9399719,687.2278595,685.783844,686.297226,686.297226,686.8454742
13,-409.55804443359375,232.8283233642578,18.711944580078125,-32.11759567260742,5.510663032531738,1.1586828231811523,-17.086767196655273,-10.414678573608398,-8.297842025756836,-13.927565574645996,-9.651081085205078,-4.511616230010986,-5.106545925140381,-4.463131904602051,-3.8979833126068115,-4.998369216918945,-4.093781471252441,-2.7945592403411865,-1.8165444135665894,1.882646918296814,686.3105011,685.1942444,687.5993347,686.8691254,686.8691254,689.3482208,687.4476624,688.7034607,687.9231262,688.9949799,688.9949799,687.2978973,689.0608978,687.0614624,688.9016724,689.1999054,689.1999054,688.0382538,684.694519,685.8859253,686.2177277,687.1549225,687.1549225,689.2779541,689.5388794,691.6420746,691.6047668,695.0321198,695.0321198,699.4702911
14,-396.3846435546875,241.62351989746094,21.409183502197266,-32.20041275024414,2.049424409866333,-2.821812391281128,-19.127466201782227,-14.034934997558594,-11.89919662475586,-13.662238121032715,-9.767988204956055,-9.222917556762695,-9.973095893859863,-5.900655269622803,-4.916212558746338,-6.8526997566223145,-5.1407246589660645,-1.696142554283142,2.102992534637451,4.02036714553833,698.760376,697.9029846,539.704628,698.391571,698.391571,687.9625702,680.4833984,535.9316254,536.0160065,535.1949692,535.1949692,535.7233429,536.7102432,536.5859985,535.8885574,535.97332,535.97332,534.1321564,643.7853241,643.5681915,643.4457397,644.6781921,644.6781921,642.0240784,643.6775208,646.9015503,642.5801849,634.8629761,634.8629761,627.6966476
15,-418.51055908203125,208.6575927734375,26.465349197387695,-23.165403366088867,-1.379036784172058,-5.864832878112793,-13.179402351379395,-7.4844970703125,-13.721927642822266,-19.594579696655273,-11.418646812438965,-5.497893333435059,-2.8758506774902344,4.367890357971191,5.697449207305908,-1.9112387895584106,-6.82908821105957,-7.318854808807373,-7.098369598388672,-4.500360012054443,625.9505081,626.0229492,558.5684967,626.007576,626.007576,622.0651627,620.7645798,616.5312195,613.9337921,616.4400864,616.4400864,616.6714478,615.2256775,614.3099594,616.914978,616.3683319,616.3683319,614.1723251,614.8363495,614.6235275,616.2186813,615.5003738,615.5003738,486.9401169,486.7435837,488.2537079,489.6491623,492.0411301,492.0411301,605.2035141
16,-410.9983825683594,233.72251892089844,14.740803718566895,-30.0871639251709,3.8533012866973877,-8.914868354797363,-24.838659286499023,-12.807757377624512,-9.846211433410645,-18.25618553161621,-16.035383224487305,-4.196205139160156,3.2949068546295166,2.2594680786132812,1.6646623611450195,3.2990529537200928,-0.6498264074325562,-4.750524520874023,-0.36071109771728516,7.053849220275879,605.7014465,604.8335266,0.0,0.0,0.0,491.6174316,591.5337753,601.21315,613.9452744,624.0839767,624.0839767,637.2057343,644.4831848,648.5639954,649.1799927,649.4483185,649.4483185,647.1592712,646.4381409,644.441452,644.0313721,643.6850739,643.6850739,643.720932,644.8890686,648.2003784,649.9324799,645.4125214,645.4125214,646.2602997
17,-470.3098449707031,226.70101928710938,22.04612922668457,-36.15207290649414,-10.913873672485352,-12.542348861694336,-18.961627960205078,-9.982878684997559,-12.301855087280273,-14.483267784118652,0.40067675709724426,11.757216453552246,10.094292640686035,6.422242641448975,0.7567048072814941,-7.191551685333252,-9.537672996520996,-6.513768672943115,-3.217315912246704,1.4786545038223267,644.8860931,645.8399963,643.0958557,640.1756287,640.1756287,637.9450607,510.6995773,510.2828979,637.6739502,510.6280899,510.6280899,507.3332214,508.5441208,511.5814209,510.589447,510.4977798,510.4977798,638.1652451,639.4664383,505.7129669,506.4529037,507.7610397,507.7610397,507.9577255,640.6201935,504.5537186,502.3892593,504.3047333,504.3047333,506.960144
18,-437.07049560546875,242.5887451171875,19.33623695373535,-32.982967376708984,-2.9120094776153564,-8.07329273223877,-17.22447967529297,-13.553149223327637,-16.338539123535156,-13.860822677612305,-7.334575653076172,-7.981660842895508,-5.423220634460449,0.03817550092935562,-0.1364128142595291,0.2359563261270523,0.8500843048095703,-3.020505428314209,-3.8231632709503174,0.22343295812606812,509.7206116,513.4430695,659.907608,666.4595795,666.4595795,673.5739899,678.5649109,683.5910034,686.8379211,686.8375397,686.8375397,687.1524811,687.1231842,686.4434052,686.1846161,686.7857361,686.7857361,688.9356232,689.3802643,690.79216,691.4437866,690.6407928,690.6407928,689.1065216,687.2595215,688.6685181,567.7041626,685.2716064,685.2716064,684.8773193
19,-478.2879943847656,235.503662109375,29.414735794067383,-27.139673233032227,-1.1715507507324219,-8.68033218383789,-22.824886322021484,-13.524408340454102,-12.843083381652832,-19.07647705078125,-9.779680252075195,0.09084410220384598,-1.8835989236831665,-0.47625333070755005,5.152227878570557,1.0515881776809692,-7.413644313812256,-7.140483379364014,-1.7849534749984741,-0.07744570076465607,685.1015472,698.3965302,711.2999725,545.3596115,545.3596115,732.5580597,543.6379242,539.9723816,540.5870819,738.9234161,738.9234161,735.5718994,735.7872772,537.4728775,535.5654907,537.0627594,537.0627594,536.5509796,534.2103577,536.4050674,540.8512878,744.7859192,744.7859192,745.447998,744.0880585,743.7992096,743.3255005,742.1983337,742.1983337,742.4266815
20,-429.5998229980469,239.533447265625,25.474733352661133,-26.75039291381836,9.065165519714355,0.503919243812561,-23.541139602661133,-18.983110427856445,-13.537117958068848,-18.1047420501709,-15.187573432922363,-7.617295742034912,-7.112223148345947,-10.077567100524902,-9.026517868041992,-3.8718557357788086,2.588174819946289,7.286312580108643,7.274785041809082,2.4782252311706543,742.7597046,742.0283508,742.2598267,743.7229156,743.7229156,747.9203033,747.5705719,748.2548523,748.7638092,528.175621,528.175621,742.3752594,731.08078,731.0939789,731.7035675,731.9512177,731.9512177,731.5797424,733.0418396,733.4416199,735.1502991,738.2278442,738.2278442,737.6235962,537.0604324,739.3894196,743.2080841,541.2423325,541.2423325,537.0931625
21,-493.69000244140625,265.9758605957031,25.21858787536621,-23.763051986694336,15.260029792785645,5.6249613761901855,-12.318416595458984,-6.3702239990234375,-6.422700881958008,-14.116198539733887,-13.662986755371094,-6.963362216949463,-0.9205867648124695,2.610072612762451,5.862853527069092,7.45426082611084,1.2197978496551514,-6.942540645599365,-7.438324451446533,-7.532336235046387,0.0,537.6120758,536.2403488,738.1143188,738.1143188,737.7641296,737.1269226,541.23703,540.6867218,539.1141891,539.1141891,541.8696594,541.6309357,541.8867874,708.9913177,699.8622894,699.8622894,536.4124298,534.1279221,532.24617,531.8309021,529.5934677,529.5934677,529.0522766,529.4805908,529.1766357,526.4380264,525.3232956,525.3232956,524.9408722
22,-432.2035827636719,230.13418579101562,34.873260498046875,-19.652568817138672,9.316139221191406,0.4524165689945221,-22.53515625,-14.383330345153809,-5.588025093078613,-13.910627365112305,-17.829145431518555,-12.501343727111816,-6.8559393882751465,-0.28111639618873596,3.847625970840454,-0.8987795114517212,-6.693049430847168,-2.9807746410369873,4.327336311340332,3.4359359741210938,522.5932693,687.4970245,685.914917,523.2595825,523.2595825,525.892067,526.8485641,526.4259338,686.842041,526.1620712,526.1620712,527.2694397,526.2278748,526.8862915,527.2771072,529.8367691,529.8367691,695.3559875,694.2825317,692.6985931,690.9736633,688.2295227,688.2295227,685.4026794,686.5115356,685.9557343,683.4072113,678.7093353,678.7093353,527.8621674
23,-451.3475646972656,227.33470153808594,38.26917266845703,-25.752225875854492,-2.923997163772583,-0.5971764326095581,-15.966099739074707,-14.492856979370117,-9.127018928527832,-6.674286842346191,1.6497743129730225,6.064972877502441,-1.737164855003357,-9.776307106018066,-10.839242935180664,-11.020076751708984,-12.28374195098877,-9.133218765258789,-0.6252492070198059,4.913118362426758,528.2551575,529.9824524,531.4296722,531.3308334,531.3308334,533.058815,532.4362564,534.4740677,534.3562317,537.8071594,537.8071594,536.302948,533.9200211,528.8999557,617.8751755,520.6095123,520.6095123,513.4238052,512.0376205,511.9514084,505.6842422,495.3775406,495.3775406,497.4675369,501.7379761,503.1678772,503.4766769,502.3923492,502.3923492,501.9700241
24,-402.43548583984375,239.1013641357422,15.334219932556152,-32.372703552246094,4.8430938720703125,-3.8678231239318848,-20.474346160888672,-10.673076629638672,-7.65852165222168,-16.658096313476562,-16.68619728088379,-9.068592071533203,-7.438230991363525,-10.855530738830566,-9.426636695861816,-4.373653888702393,-1.7067734003067017,1.9115842580795288,7.550660610198975,7.95759391784668,502.3060608,502.0075607,501.3134766,500.6653976,500.6653976,500.93647,500.1673126,499.210968,500.8173752,501.5343475,501.5343475,501.1961746,502.023468,502.4923706,501.791687,501.4349365,501.4349365,501.2306213,501.354866,500.2960968,500.1227951,499.5215988,499.5215988,690.0241852,499.5607758,686.644516,683.7689972,497.3158646,497.3158646,493.3286285
25,-431.69390869140625,236.71556091308594,25.366567611694336,-33.54642868041992,-0.06031130626797676,-0.6874901056289673,-16.60195541381836,-10.056286811828613,-8.047327041625977,-14.507696151733398,-8.549715995788574,-0.7666434645652771,-5.339694499969482,-10.960881233215332,-9.754715919494629,-7.617234706878662,-6.350991249084473,-3.637525796890259,-1.0933235883712769,-0.9250527620315552,493.4714508,498.2688904,657.6878357,649.8799133,649.8799133,646.6210938,643.6645508,646.3601685,474.2330551,467.2108459,467.2108459,458.7327576,451.5613174,446.0164261,441.078186,441.5610123,441.5610123,441.5113068,441.4217377,670.0754547,712.0400238,440.7224274,440.7224274,698.9453888,439.7797394,441.5498352,445.998764,446.1408234,446.1408234,447.9242706
26,-416.66180419921875,240.39527893066406,24.50581169128418,-28.642751693725586,-1.8883037567138672,-8.029611587524414,-19.12131690979004,-12.519091606140137,-12.706310272216797,-15.992079734802246,-7.8994035720825195,-1.151583194732666,-2.50071120262146,-1.578809380531311,-1.8208523988723755,-7.050876617431641,-9.188697814941406,-8.1920166015625,-5.692597389221191,-0.022741712629795074,443.0104828,715.0669098,441.4350891,442.0046616,442.0046616,437.3681259,720.9468842,727.7095032,731.4847565,440.6412888,440.6412888,441.6235733,442.6437759,440.5921173,433.7417603,430.9612656,430.9612656,430.748024,433.1380463,438.358345,715.0987244,710.1937103,710.1937103,709.0498352,708.179245,709.4565582,704.6408844,692.7398682,692.7398682,438.2271957
27,-380.3322448730469,232.60647583007812,25.01235580444336,-33.18619918823242,-5.97584342956543,-7.408422946929932,-17.17127227783203,-7.389520168304443,-3.3516221046447754,-8.69788932800293,-4.540027141571045,3.5792205333709717,0.26089856028556824,-8.802462577819824,-12.283283233642578,-10.95897388458252,-7.733332633972168,-3.319486379623413,0.2795513868331909,1.0574780702590942,669.6225739,431.0072327,432.6376343,433.374176,433.374176,436.7406464,439.3062592,443.6388016,681.5139771,683.9173889,683.9173889,681.3813782,681.6191101,683.6484528,686.0162354,686.190567,686.190567,440.9778595,686.532135,687.4245453,687.2861481,685.6672668,685.6672668,684.9635315,686.931076,687.0585632,685.4927826,686.3025665,686.3025665,686.643219
28,-393.3169860839844,239.24110412597656,21.81598663330078,-32.081329345703125,1.0514687299728394,-3.0143799781799316,-14.168774604797363,-7.144785404205322,-9.076139450073242,-8.767900466918945,3.543698310852051,3.7795960903167725,-7.347397327423096,-11.43820858001709,-11.484258651733398,-11.605329513549805,-8.598031044006348,-5.648738384246826,-3.290463924407959,-0.5227303504943848,684.5451355,684.7570801,687.3446655,686.1979675,686.1979675,686.3124084,685.9310913,686.3508606,687.7819061,688.1951141,688.1951141,688.4553528,688.8793945,687.9270172,687.0298767,686.8779755,686.8779755,688.6649323,688.2515717,687.9076385,689.6852875,687.9051971,687.9051971,688.2609558,690.8601379,691.7040253,694.8426056,696.0214996,696.0214996,456.1692047
29,-413.12139892578125,231.00367736816406,21.11020851135254,-36.45935821533203,-6.094043254852295,-6.796388149261475,-18.032276153564453,-9.049053192138672,-4.02031946182251,-1.663012981414795,10.040091514587402,11.268446922302246,-3.797916889190674,-12.382344245910645,-10.128645896911621,-9.643622398376465,-10.70582103729248,-8.090255737304688,-2.9882588386535645,0.7460107207298279,444.6679688,441.0065842,436.4900208,439.131012,439.131012,440.5751419,440.1302719,436.213913,440.6998444,449.3942261,449.3942261,454.3616104,457.5280762,663.303299,665.545578,666.8439484,666.8439484,666.6784668,665.9575653,665.923233,667.5221252,667.9292297,667.9292297,666.9126129,666.7317963,669.0317535,669.2848969,667.5642395,667.5642395,474.4265747
30,-453.1460876464844,225.57130432128906,43.5261116027832,-27.25473403930664,-16.03940773010254,-15.979700088500977,-23.735549926757812,-12.072327613830566,-0.9484074115753174,-3.3438608646392822,-3.8871428966522217,1.8894414901733398,2.1539275646209717,-4.993515491485596,-9.906046867370605,-9.295135498046875,-7.944571018218994,-6.2936625480651855,-1.3584195375442505,4.568044185638428,670.4820251,671.318512,672.545166,481.5979385,481.5979385,484.8207855,489.8408127,500.2020645,506.8412018,508.4312057,508.4312057,509.3664169,509.6839523,511.8323898,514.128418,513.2706833,513.2706833,512.7275467,512.6111221,513.984375,514.1359711,514.4425583,514.4425583,512.881012,512.5501251,681.6868591,681.1476135,680.9934235,680.9934235,678.22258
31,-502.43157958984375,218.46719360351562,47.17113494873047,-24.682353973388672,-16.84818458557129,-14.667015075683594,-21.275440216064453,-13.463120460510254,-7.030697822570801,-10.37757682800293,-7.542846202850342,4.37600564956665,12.478278160095215,11.500606536865234,5.4651265144348145,-0.45307567715644836,-3.1039323806762695,-3.19071626663208,-2.5007545948028564,-0.9168307185173035,674.8740387,673.94104,671.8027496,669.488678,669.488678,666.9922638,666.088028,664.8403168,663.2873535,662.9264069,662.9264069,663.5505676,662.0056152,662.0401001,661.7041779,661.2480927,661.2480927,661.5296936,662.0172119,662.5274658,663.8208008,664.9538422,664.9538422,663.9376068,664.8223114,666.2702179,666.6836548,666.0733032,666.0733032,666.110611
32,-476.8080139160156,217.84071350097656,34.114219665527344,-25.04843521118164,-5.365695476531982,-10.462201118469238,-25.049636840820312,-15.097201347351074,-7.190722942352295,-14.414295196533203,-12.462774276733398,4.537011623382568,15.242863655090332,11.929819107055664,6.751688003540039,3.2903499603271484,-4.360846042633057,-11.435667037963867,-8.700432777404785,1.3489961624145508,666.2477875,665.6993866,666.6255188,665.9923553,665.9923553,664.462204,668.7593079,674.4052887,676.4354706,451.2445831,451.2445831,443.2611465,440.9095764,436.2041092,433.9479828,445.6879425,445.6879425,437.8730011,443.9937592,444.9595261,444.6879196,445.9844589,445.9844589,668.7844849,444.6694565,443.3927155,444.1968536,664.1378021,664.1378021,442.1939468
33,-452.0687561035156,213.04074096679688,34.964210510253906,-28.508909225463867,-12.073149681091309,-10.829153060913086,-19.24904441833496,-12.179028511047363,-7.709419250488281,-8.079450607299805,2.344527244567871,15.334651947021484,16.085596084594727,8.239574432373047,-1.398248314857483,-11.389391899108887,-16.705835342407227,-12.716057777404785,-4.533381462097168,0.042057037353515625,652.1723175,637.3506927,625.4743576,618.6083603,618.6083603,615.6164932,442.3707199,443.4354782,441.6314697,443.5667419,443.5667419,0.0,0.0,428.1434631,423.555603,595.5506516,595.5506516,588.542099,587.7403259,584.3341064,431.5532303,429.3638992,429.3638992,429.3078232,431.7856979,435.3715134,437.0859528,436.3420486,436.3420486,436.3246536
34,-410.149658203125,220.28506469726562,11.698101997375488,-37.832698822021484,-10.163426399230957,-12.00537395477295,-13.634033203125,-2.1422998905181885,0.8206173181533813,1.792372226715088,2.145824670791626,-4.131198883056641,-11.248507499694824,-15.68022632598877,-13.663933753967285,-5.523399353027344,-2.2608187198638916,-3.571861982345581,-1.170322299003601,4.207440376281738,576.214447,576.0050583,574.6761703,572.4849701,572.4849701,438.8742447,573.7769699,573.8546753,574.9972153,577.2729874,577.2729874,582.1483612,584.9640274,442.7057648,450.0668335,591.2588882,591.2588882,594.1904449,457.3677063,467.496109,455.8384323,456.9527054,456.9527054,608.319397,460.3282166,460.2209091,465.6258011,469.9637985,469.9637985,473.2928467
35,-410.8742370605469,238.91017150878906,3.0461225509643555,-39.53557586669922,-3.4269328117370605,-16.564882278442383,-27.589462280273438,-8.988097190856934,-0.6772448420524597,-8.054768562316895,-7.549420356750488,0.9444724917411804,0.32766208052635193,-6.716157913208008,-6.141756534576416,0.38091522455215454,4.792982578277588,6.6573920249938965,9.247861862182617,11.517952919006348,474.6743393,479.11026,482.4330521,485.6898117,485.6898117,488.216362,609.024086,604.5087433,601.4687347,600.5092239,600.5092239,602.4827576,601.8636322,602.3617935,602.4036789,498.1728363,498.1728363,608.2468033,612.3474884,611.5213013,611.1221695,611.8468857,611.8468857,613.4293365,611.381073,613.4547043,624.895668,500.3283691,500.3283691,707.6570892
36,-428.97406005859375,227.62782287597656,9.381180763244629,-29.833812713623047,4.350235462188721,-11.034669876098633,-24.042682647705078,-9.212224960327148,-7.089330196380615,-14.737628936767578,-13.294746398925781,-6.970527172088623,-2.1393613815307617,-1.6265310049057007,-1.863519549369812,2.330474376678467,4.841280937194824,3.532320976257324,6.216176509857178,11.777106285095215,0.0,795.6900024,804.1038513,804.8517609,804.8517609,807.0158386,808.9808655,810.5106354,808.7854767,808.7548828,808.7548828,808.8070679,804.8204803,804.8223877,509.4533157,806.6455078,806.6455078,809.4164276,511.8575287,513.2488251,513.7413788,511.5958405,511.5958405,512.7230835,775.8467102,512.2778702,511.8399048,514.4558716,514.4558716,519.0574265
37,-416.67034912109375,239.35699462890625,29.21112632751465,-23.0595760345459,7.356369495391846,-1.4211888313293457,-21.106382369995117,-15.973584175109863,-9.057953834533691,-7.619717121124268,-5.046082019805908,-3.656820058822632,-2.041822671890259,0.9389728903770447,2.606869697570801,1.0047943592071533,-5.576955795288086,-10.727051734924316,-5.195537567138672,5.966221809387207,528.887291,758.5296631,767.7727509,781.388092,781.388092,537.8344727,805.665741,811.6871643,817.494812,823.805542,823.805542,828.3525848,830.6344604,833.1256866,833.4444427,832.4658966,832.4658966,827.696991,544.701767,532.5512314,517.1305084,509.8248672,509.8248672,501.9137192,494.8265457,486.4822006,483.3714294,482.647438,482.647438,483.3113861
38,-395.7908935546875,265.34716796875,20.10943603515625,-27.347322463989258,14.983213424682617,3.4739415645599365,-15.227282524108887,-5.819056510925293,-5.757420539855957,-15.364811897277832,-14.39208984375,-8.262672424316406,-5.477052688598633,-2.451683282852173,3.6028354167938232,6.593389511108398,1.956999659538269,-2.573882579803467,-0.2195577323436737,1.285119652748108,483.3398056,484.1135025,484.8590088,483.8681412,483.8681412,483.8709641,484.0685654,484.1209412,826.3378143,825.6687927,825.6687927,820.9893799,484.515686,483.7648773,795.1223755,775.0644684,775.0644684,758.2601166,750.5729675,747.0735168,742.8691864,735.0202942,735.0202942,736.0366821,479.5578766,742.1411133,479.7893143,481.7214584,481.7214584,481.5138245
39,-390.6839904785156,238.70875549316406,28.108076095581055,-26.03622817993164,11.841981887817383,9.300092697143555,-12.970953941345215,-7.5306172370910645,-0.04724855348467827,-4.643333911895752,-3.704012870788574,-0.3906461298465729,-5.066038131713867,-8.248724937438965,-4.224607944488525,-3.5392329692840576,-9.133692741394043,-10.510682106018066,-5.390140056610107,-1.5178062915802002,481.2354279,479.5530701,479.6312714,480.8482742,480.8482742,479.5038605,474.1241837,473.4922791,472.8120422,473.8099289,473.8099289,470.8935928,471.579895,473.4963608,481.5597153,762.8905487,762.8905487,506.8351746,753.7628174,747.8713989,747.9009247,744.5523071,744.5523071,740.510025,735.2175903,731.4596558,724.3105316,716.4961243,716.4961243,712.7993774
40,-365.4988708496094,244.93020629882812,8.453508377075195,-28.462926864624023,10.084857940673828,-7.538753986358643,-18.40328598022461,-1.689826488494873,-4.292727470397949,-13.57080364227295,-7.1716413497924805,-1.7516080141067505,-4.886203289031982,-7.4983673095703125,-8.761187553405762,-9.266825675964355,-5.022834300994873,1.0721412897109985,1.933436393737793,-0.3135091960430145,710.9770966,711.3346863,711.4941406,708.3289337,708.3289337,709.3788147,482.8974533,480.786171,712.9000854,482.167244,482.167244,480.5821991,480.6293869,480.5581284,479.739151,0.0,0.0,0.0,477.7642822,476.9499207,475.6816864,474.4623566,474.4623566,782.0165253,780.6123352,782.6870728,784.1748047,785.0253296,785.0253296,784.0786743
41,-390.64093017578125,250.3256072998047,12.682173728942871,-29.80472755432129,12.353148460388184,-4.795893669128418,-22.352970123291016,-3.473207950592041,-4.60383415222168,-22.270841598510742,-17.383113861083984,-4.504525661468506,-4.8289008140563965,-6.620451927185059,-3.5625128746032715,-3.537339925765991,-5.302021026611328,-3.093538761138916,0.34661996364593506,-0.2543335556983948,473.4354782,469.0769958,466.6594315,471.574707,471.574707,471.1315155,471.9913101,472.8683472,475.225563,476.0548019,476.0548019,474.6386719,473.3198929,473.2375336,473.7939835,473.6662292,473.6662292,474.1264343,473.5384369,472.9690552,473.1155014,781.4245605,781.4245605,786.002655,786.3446808,788.6693573,789.6348572,793.7732697,793.7732697,794.2385101
42,-398.5960998535156,256.0538330078125,5.892754077911377,-26.258705139160156,14.048768043518066,-6.841459274291992,-19.94239044189453,-6.936416149139404,-6.105937480926514,-10.700926780700684,-10.978215217590332,-9.744603157043457,-5.263270378112793,-0.8904484510421753,0.060647882521152496,-0.2132645547389984,-2.311570882797241,-7.4467010498046875,-9.682424545288086,-1.8916347026824951,475.8953476,0.0,761.7240906,750.8385468,750.8385468,748.5584259,749.0861511,746.8847656,744.1174316,749.5380402,749.5380402,757.6534271,757.8639984,757.2845459,756.652298,755.6980896,755.6980896,758.6136627,755.2880859,753.8834381,755.4872894,756.2348175,756.2348175,754.9450684,755.4756927,754.4387054,754.7563934,755.4178619,755.4178619,755.3578949
43,-394.8877868652344,254.7559051513672,9.577439308166504,-30.10243034362793,9.888121604919434,-6.87425422668457,-18.433025360107422,-0.8250874280929565,-0.11024261265993118,-10.413451194763184,-6.060067653656006,4.2174296379089355,4.116129398345947,-3.2365059852600098,-8.130210876464844,-10.56511402130127,-12.351369857788086,-8.706982612609863,1.0776010751724243,6.7220964431762695,755.4096985,756.621933,756.9800568,754.782486,754.782486,753.8889313,750.9777069,753.7363434,755.6021881,755.0628662,755.0628662,755.8312988,489.6509933,494.2419815,498.163681,505.7995605,505.7995605,761.6966248,766.4538574,540.1131058,563.086853,582.0142365,582.0142365,776.5766144,772.9782104,765.6082916,756.7895508,745.3152466,745.3152466,737.8195953
44,-399.0065002441406,233.06234741210938,23.453296661376953,-29.691059112548828,1.0483191013336182,-5.429252624511719,-18.341835021972656,-5.134838104248047,0.42155998945236206,-7.456406116485596,-4.97936487197876,5.395031929016113,6.1593475341796875,-4.504019737243652,-15.982587814331055,-18.985639572143555,-13.248427391052246,-5.678198337554932,0.4213806986808777,5.524545669555664,615.9275436,732.082901,733.0510712,593.7752151,593.7752151,729.3317413,724.6347809,718.9178467,716.3965607,715.0288391,715.0288391,714.712677,579.2673874,714.5709991,719.359436,590.800705,590.800705,724.491806,583.8907242,706.5364075,701.4680481,698.1483459,698.1483459,696.8158722,698.8874054,699.4378662,699.6556854,697.1582031,697.1582031,693.5723877
45,-426.3022155761719,258.6778869628906,17.857881546020508,-28.929664611816406,12.278132438659668,-0.7210357785224915,-19.05752944946289,-7.2063822746276855,-5.7555084228515625,-15.885711669921875,-13.141568183898926,-5.261979579925537,-6.0148468017578125,-9.328694343566895,-9.210211753845215,-8.852593421936035,-7.6805267333984375,-3.0115604400634766,2.1465821266174316,6.118497371673584,690.3794098,687.5138092,686.2566376,685.2906036,685.2906036,684.2851257,686.8312836,684.8284149,681.0421753,681.8321228,681.8321228,686.4868927,666.499176,671.0256195,702.8797913,701.758728,701.758728,698.7950134,701.072998,700.0946045,702.0669556,698.5948944,698.5948944,695.9135437,689.4721985,692.1681213,690.7349396,696.8002319,696.8002319,701.2747955
46,-391.5118103027344,225.967041015625,21.482383728027344,-29.782684326171875,6.384340286254883,3.543531656265259,-15.489213943481445,-10.847496032714844,-8.489053726196289,-13.082561492919922,-8.275906562805176,-4.297269821166992,-7.094220161437988,-5.677173614501953,-2.1151914596557617,-2.705960988998413,-3.058725357055664,-1.444419264793396,-0.39554324746131897,-0.6584057211875916,606.0559082,609.0998459,715.9928131,609.499321,609.499321,717.4835205,717.137146,716.0722351,606.7190933,605.4587173,605.4587173,714.106369,711.8186951,603.6355972,602.1482849,601.5818787,601.5818787,600.2042007,601.978035,717.0411682,715.062027,714.9797821,714.9797821,715.6144714,716.5692139,709.0631104,711.3031006,713.1532288,713.1532288,709.4055939
47,-432.3661193847656,231.7296905517578,17.85418701171875,-26.5971622467041,11.682161331176758,1.188551902770996,-21.796886444091797,-12.753743171691895,-4.820695400238037,-12.646909713745117,-13.838839530944824,-5.275366306304932,-4.386038780212402,-10.06246280670166,-6.753364086151123,1.815221905708313,3.3290374279022217,3.984795331954956,9.197352409362793,8.515811920166016,706.6965485,578.8238144,706.9698334,705.7362366,705.7362366,705.0179291,704.8495483,570.5098724,570.4600906,568.9832687,568.9832687,567.7741623,567.8578949,702.277298,704.6168518,705.0660706,705.0660706,708.1639099,563.4082031,560.7136536,561.1760712,560.3173065,560.3173065,565.213623,721.9104004,725.6270599,730.8281708,732.8353882,732.8353882,732.6852417
48,-382.1688232421875,248.7963409423828,10.226603507995605,-32.1064567565918,8.512972831726074,-6.512169361114502,-21.10003662109375,-8.244757652282715,-12.928544998168945,-23.155702590942383,-15.162651062011719,-5.339791774749756,-0.7216087579727173,4.297886848449707,6.768373489379883,5.919865131378174,1.3432705402374268,-6.20693302154541,-8.7711820602417,-6.2075090408325195,736.3822174,739.4599152,740.6964874,737.4765015,737.4765015,737.7490234,735.3479767,735.1947784,736.6304016,739.6091461,739.6091461,741.516037,740.7218933,741.4732361,741.0848236,602.3430252,602.3430252,742.3731232,741.6308594,743.717804,608.5906219,607.1839142,607.1839142,606.3203049,769.5418549,774.7575378,0.0,0.0,0.0,605.1080704
49,-419.2972717285156,240.4212188720703,13.799729347229004,-28.138410568237305,11.861783981323242,0.8094670176506042,-16.980100631713867,-7.590963363647461,-5.869361400604248,-15.3057861328125,-15.754778861999512,-7.643146991729736,-4.595365047454834,-8.416975975036621,-7.009867191314697,-1.2855157852172852,-2.86803936958313,-4.597939968109131,4.04253625869751,12.013872146606445,600.5129242,596.3316345,592.4000168,588.4714508,588.4714508,583.7530899,577.2418976,576.8144989,572.6410294,573.4630203,573.4630203,572.5402069,574.5347977,575.5534363,577.7344894,575.2008057,575.2008057,786.1975098,569.7511292,795.825882,807.0259094,813.5386658,813.5386658,577.7106094,579.691925,582.1767807,812.5739288,813.7459564,813.7459564,813.3065033
50,-417.5906982421875,253.0686798095703,15.298118591308594,-27.58990478515625,18.252092361450195,8.967724800109863,-14.051289558410645,-7.905627727508545,-2.3709616661071777,-9.427154541015625,-11.9937744140625,-6.404672145843506,-7.916341781616211,-15.46484661102295,-11.997380256652832,-5.278540134429932,-9.457127571105957,-9.726046562194824,4.42536735534668,16.292890548706055,812.346344,811.4694977,810.0447083,805.4904175,805.4904175,804.4823456,582.2777939,577.6999283,577.5847244,578.3840179,578.3840179,579.8032379,582.044754,581.8852615,814.0216064,582.3053741,582.3053741,581.8935013,583.9143753,820.6077576,820.7874298,820.3624725,820.3624725,575.3427887,818.1739807,581.3808823,819.0189362,817.3986816,817.3986816,817.7955627
51,-402.7707824707031,266.836669921875,21.836105346679688,-28.199926376342773,19.590269088745117,12.614840507507324,-14.802348136901855,-9.443055152893066,1.0820658206939697,-4.207131862640381,-7.911080360412598,-2.5934300422668457,-4.762363910675049,-12.359375,-7.634012222290039,-1.4401081800460815,-7.33139705657959,-7.421200752258301,5.421707630157471,11.686149597167969,579.8933792,579.1104889,578.1965256,577.4425507,577.4425507,578.1073761,576.376152,575.4458237,576.8663025,578.8998413,578.8998413,581.0515976,579.2363358,579.9819946,583.9393997,580.9549713,580.9549713,578.6022186,757.1918488,756.9371796,755.5340576,756.6068268,756.6068268,757.8862,758.5852051,758.553772,759.3161774,499.3492126,499.3492126,498.9051437
52,-418.0614318847656,244.90086364746094,23.924070358276367,-28.765899658203125,12.928874015808105,5.950809955596924,-19.7254638671875,-9.381287574768066,-0.2588357627391815,-11.465302467346191,-12.620697021484375,-3.2307424545288086,-6.2018327713012695,-13.704545974731445,-8.1821870803833,0.5188876986503601,-1.127000331878662,-2.753568172454834,5.845027923583984,11.595678329467773,500.1596069,759.0046692,755.9729767,755.1579285,755.1579285,754.6363068,754.3401337,498.41362,751.0245514,753.6955261,753.6955261,754.7967529,756.1894989,502.6742935,507.0412445,511.5922928,511.5922928,748.8218689,744.3635559,742.5907898,739.6011353,739.8833466,739.8833466,742.7127075,743.3943176,743.533783,739.0548706,507.5389099,507.5389099,707.6843262
53,-382.69769287109375,227.69358825683594,25.54755401611328,-20.752443313598633,7.277425289154053,-4.132040500640869,-16.900632858276367,-7.311030864715576,-11.108378410339355,-20.357603073120117,-14.606459617614746,-7.319918155670166,-3.19437313079834,5.213697910308838,12.138893127441406,11.970988273620605,5.689451694488525,-4.595531940460205,-11.13772964477539,-8.937360763549805,699.6121979,694.3695831,690.3860474,688.8056183,688.8056183,683.9851379,683.5781097,528.147049,697.1304321,528.6020279,528.6020279,529.5668793,528.7531281,529.0513229,528.6497879,739.7961426,739.7961426,733.2746124,732.3710632,730.9731293,731.0397339,730.4637909,730.4637909,730.2700806,731.2631226,526.843605,527.3195267,734.6613312,734.6613312,735.838089
54,-388.5636291503906,234.48890686035156,24.070171356201172,-30.609619140625,4.408259391784668,0.6773516535758972,-17.522233963012695,-8.33687686920166,-5.523736476898193,-17.85750389099121,-17.584033966064453,-9.650121688842773,-9.27012825012207,-6.328433036804199,2.5853264331817627,6.208301544189453,3.446784257888794,-1.2912770509719849,-6.039940357208252,-7.894897937774658,737.598114,738.7877655,740.7197571,506.96064,506.96064,502.4371719,500.802002,509.4863892,527.9792023,521.88797,521.88797,521.9258118,520.9381104,521.4279556,741.1001587,744.3470764,744.3470764,744.1608429,522.8757095,738.0091858,736.2537384,729.4036865,729.4036865,718.1183624,714.6199799,712.7900696,582.5249481,582.8898621,582.8898621,705.2584076
55,-386.7887878417969,249.2653045654297,23.843948364257812,-22.19696617126465,14.325074195861816,0.1572873294353485,-18.300125122070312,-6.013391971588135,-5.849941253662109,-17.495651245117188,-16.391353607177734,-12.317702293395996,-9.718756675720215,0.4608205556869507,9.664091110229492,10.228925704956055,8.322874069213867,4.834174633026123,-1.6035956144332886,-5.690010070800781,709.329071,583.663559,586.4117813,586.6687393,586.6687393,588.0947495,590.3387833,591.6880035,725.7940674,740.0828552,740.0828552,737.9022217,802.0104218,754.0660858,596.4423752,776.9133759,776.9133759,778.7121582,779.5793915,779.6339417,778.9093781,781.7079926,781.7079926,781.7700958,783.2440186,594.7732925,593.9795685,593.1837463,593.1837463,794.5437622
56,-412.9973449707031,238.5965118408203,26.606958389282227,-29.55254554748535,5.329718589782715,1.5494039058685303,-17.35324478149414,-6.880338668823242,-1.6739155054092407,-15.94118595123291,-17.50101661682129,-4.268709659576416,-1.6710041761398315,-7.03068733215332,-4.5687255859375,-0.6586205959320068,-2.9255781173706055,-3.4406914710998535,0.7082698941230774,2.800826072692871,795.5184937,796.3330078,795.5293274,792.1257019,792.1257019,790.5180359,789.8827362,786.6747284,783.978653,782.2016907,782.2016907,780.0176239,779.4500732,778.3299255,778.8867188,775.0047302,775.0047302,770.2108765,758.2512665,754.3838501,747.1782684,745.2535248,745.2535248,744.0397644,748.1227875,672.2426605,673.0873108,757.9128265,757.9128265,761.9250488
57,-397.23199462890625,244.7156219482422,27.284828186035156,-24.94854736328125,15.593836784362793,9.997611045837402,-14.789566040039062,-8.246350288391113,-0.46021607518196106,-9.397857666015625,-15.124024391174316,-13.372686386108398,-12.026911735534668,-8.363420486450195,-2.7365996837615967,-2.565343141555786,-5.6418609619140625,-3.272163152694702,3.089879274368286,4.522630214691162,762.3190308,761.1420441,757.7432251,757.7250671,757.7250671,757.5800323,758.2548523,759.0668488,757.7671051,760.1797485,760.1797485,759.4387817,758.2310486,759.3924713,756.0966492,753.3713531,753.3713531,753.4526062,754.6574402,756.9645691,757.9902649,760.6570435,760.6570435,761.6168213,760.0946808,761.294632,760.8969116,761.9852448,761.9852448,760.0494385
58,-387.4216613769531,253.28440856933594,24.522144317626953,-24.795747756958008,11.877598762512207,1.4539809226989746,-13.85910701751709,-2.924121379852295,-5.392378807067871,-17.95232391357422,-15.342755317687988,-8.174842834472656,-8.321969985961914,-9.449207305908203,-9.063159942626953,-8.631818771362305,-8.049284934997559,-8.28198528289795,-5.842458724975586,0.8588078618049622,755.5503082,753.1996918,749.2282104,748.7693787,748.7693787,751.8978882,663.3424377,663.9674377,661.7556763,661.8270874,661.8270874,748.6894226,658.1590271,637.8989029,626.5407944,746.4959717,746.4959717,742.6137543,741.8913269,742.464447,745.3523254,746.9647217,746.9647217,580.3218842,581.3070679,586.7232132,731.7153168,721.9657898,721.9657898,721.6204071
59,-403.8714599609375,261.30316162109375,15.599742889404297,-29.730833053588867,16.604110717773438,5.507863521575928,-14.972312927246094,-3.7339744567871094,-2.156040668487549,-14.507344245910645,-14.82524299621582,-8.199387550354004,-8.144718170166016,-8.256646156311035,-2.9803364276885986,-0.47131970524787903,-3.1938958168029785,-2.7491393089294434,0.890841007232666,-0.04687786102294922,722.5110626,719.5097351,722.4230194,723.0516052,723.0516052,724.4541168,587.8193665,727.2994995,728.1218719,729.4744873,729.4744873,582.3496246,582.3288727,579.4763947,581.0191727,582.3833084,582.3833084,585.8150101,595.8509827,598.789444,599.9633026,600.7019806,600.7019806,600.8478165,597.5133896,599.2124939,597.8860092,597.9074478,597.9074478,597.8490829
60,-434.30230712890625,228.72604370117188,12.515955924987793,-26.985231399536133,13.789995193481445,4.266138076782227,-13.669102668762207,-6.142486095428467,-7.25417423248291,-16.50476837158203,-15.167309761047363,-10.413535118103027,-9.69836711883545,-8.116926193237305,-3.071356773376465,1.4493173360824585,2.5588598251342773,4.792541980743408,9.927618980407715,8.996313095092773,592.4946976,587.9990005,745.019989,744.098587,744.098587,574.0369034,571.7531204,565.5081558,559.2523193,559.4336319,559.4336319,559.4023132,556.4910126,556.1129761,731.446991,560.3406143,560.3406143,561.8536377,733.2074738,737.7450562,733.7800598,728.6987305,728.6987305,724.2114258,719.1847992,718.9768219,723.0666351,725.1654816,725.1654816,726.950531
61,-384.5535583496094,238.53564453125,19.271833419799805,-23.57140350341797,11.647217750549316,-3.5290944576263428,-20.213586807250977,-6.566397190093994,-3.5324504375457764,-11.762532234191895,-11.958135604858398,-10.300127029418945,-8.600363731384277,-2.2578086853027344,3.394864797592163,3.556889295578003,-0.35965433716773987,-3.6605238914489746,-2.0121870040893555,2.108921766281128,726.3683319,726.5692139,728.4622955,727.9665375,727.9665375,729.9606323,731.2845612,731.6517639,731.2550354,731.7933655,731.7933655,732.3406219,732.6598358,735.0727844,735.8958435,735.5652618,735.5652618,601.7002869,593.2733917,587.5780869,581.1449432,580.1875305,580.1875305,578.1689072,576.6601944,579.5735931,580.7287598,580.6366348,580.6366348,581.322937
62,-433.4827575683594,249.111328125,14.959403991699219,-25.41670036315918,12.81992244720459,-2.219358205795288,-18.847942352294922,-10.637577056884766,-12.909042358398438,-18.726099014282227,-14.483481407165527,-14.162259101867676,-16.47892189025879,-9.57668399810791,-1.765678882598877,-1.5890252590179443,-1.973806619644165,2.5250465869903564,7.737026691436768,7.900386333465576,580.4571533,579.8705292,572.3958588,570.5638885,570.5638885,571.6022491,575.1942444,580.8873367,572.9771805,572.9411316,572.9411316,572.0260239,575.464859,737.6028442,737.6209259,733.4823608,733.4823608,717.4549866,702.6644135,692.1154022,681.7538452,581.6594315,581.6594315,583.290863,585.8667755,585.9557343,586.1731339,584.8134613,584.8134613,580.650177
63,-430.9744873046875,252.7174072265625,29.697141647338867,-25.972759246826172,12.228097915649414,7.954351425170898,-13.137594223022461,-8.225311279296875,-7.465754508972168,-19.20667839050293,-19.032470703125,-9.908835411071777,-7.441026210784912,-5.912700653076172,1.5882593393325806,5.994446277618408,2.562976837158203,0.03992444649338722,2.0401549339294434,1.2352176904678345,588.3554459,663.3824158,663.3709717,614.0604019,614.0604019,661.0974884,0.0,0.0,624.902153,610.1044846,610.1044846,664.1294861,662.3883057,662.1618652,654.2630005,599.4545746,599.4545746,599.7550201,598.0323792,598.4077072,634.9013901,606.0072708,606.0072708,609.2943573,633.0413818,0.0,0.0,635.0718307,635.0718307,641.628418
64,-380.10833740234375,247.9918975830078,14.104369163513184,-30.431907653808594,4.29658842086792,-6.1858367919921875,-16.97527503967285,-12.140832901000977,-15.628642082214355,-12.063858032226562,-6.979987621307373,-15.546064376831055,-17.176563262939453,-7.975762844085693,-6.350699424743652,-7.62303352355957,-5.796799182891846,-5.8416829109191895,-1.827384114265442,5.860112190246582,643.9464569,643.290863,645.1979065,644.2609406,644.2609406,602.8759003,0.0,0.0,0.0,603.7517929,603.7517929,601.355629,653.2034302,657.5776672,658.3570862,653.9302826,653.9302826,599.7480392,599.9770737,654.4332886,652.9056549,653.2225037,653.2225037,649.32724,597.8749847,596.9197464,596.3489532,596.8618393,596.8618393,597.4698257
65,-390.7154235839844,252.4283905029297,14.343016624450684,-33.764854431152344,5.6831512451171875,-5.70938777923584,-24.040376663208008,-15.98027515411377,-14.302172660827637,-16.08307647705078,-10.234456062316895,-9.416890144348145,-11.928431510925293,-8.296783447265625,-4.595617771148682,-4.541944980621338,-2.269134759902954,2.068291664123535,4.12963342666626,4.356148719787598,598.0857849,596.1258316,593.8262558,595.0812912,595.0812912,595.295639,597.4893951,646.8115234,601.0787582,650.6768799,650.6768799,0.0,651.0756683,650.7644653,649.6836853,649.0988922,649.0988922,645.8291626,642.9270935,643.8526917,644.1352081,605.6082153,605.6082153,645.5708313,644.6466064,647.6016998,646.8309784,647.881546,647.881546,660.1077271
66,-422.8392639160156,235.9109344482422,25.038543701171875,-30.047155380249023,3.5144405364990234,3.549959421157837,-10.968525886535645,-8.711444854736328,-9.848620414733887,-14.771341323852539,-14.827295303344727,-15.538140296936035,-13.673628807067871,-7.081931114196777,-4.06342077255249,-2.7113943099975586,1.696160912513733,3.6424686908721924,2.3573620319366455,1.5510225296020508,669.6365356,685.1576233,695.554657,698.9855194,698.9855194,702.9894257,704.8445892,580.9206772,583.5665894,584.0318298,584.0318298,585.3580093,588.2112503,713.4557343,591.1061096,593.1730652,593.1730652,592.1897507,707.0147705,705.9901428,705.1074219,703.3567047,703.3567047,707.9187012,708.6536407,707.8266144,713.8180542,717.0291138,717.0291138,596.9757462
67,-429.3240966796875,251.68702697753906,22.54637908935547,-29.44789695739746,3.599184989929199,-4.138641834259033,-14.502140998840332,-6.181981563568115,-11.25459098815918,-16.9378604888916,-10.424888610839844,-7.500817775726318,-6.196378707885742,-2.070286750793457,-3.5499656200408936,-5.055561065673828,-1.9310027360916138,-4.313532829284668,-9.292037010192871,-6.654414653778076,597.0875549,595.2708817,597.1766663,710.6221008,710.6221008,595.8852386,594.767952,716.4877319,716.7408752,717.7420044,717.7420044,598.0977249,720.235672,600.8890915,600.7787704,599.9337769,599.9337769,600.624733,713.7566376,716.1915588,717.7707672,602.9506683,602.9506683,602.3536682,712.2979736,593.1461334,711.0194397,708.5716248,708.5716248,578.3101654
68,-421.9683532714844,238.0660858154297,31.069974899291992,-20.572099685668945,4.669302940368652,-0.23335769772529602,-7.325390815734863,-4.597052574157715,-10.82956600189209,-13.929802894592285,-12.374945640563965,-13.155616760253906,-8.986262321472168,-5.814752101898193,-9.954627990722656,-9.762754440307617,-5.317600250244141,-5.061723709106445,-4.0796637535095215,-0.10061419755220413,580.1267624,581.0900879,579.7370529,579.3039703,579.3039703,580.4104233,580.5703354,581.0587692,580.0606537,579.6128464,579.6128464,578.9094925,577.9001999,577.1812439,576.4616013,576.6612625,576.6612625,577.6182556,577.0100403,576.966629,714.8258209,719.0840149,719.0840149,576.2086105,716.0054016,572.27211,571.0277176,571.2234497,571.2234497,571.4583206
69,-411.4411926269531,226.36915588378906,34.780479431152344,-23.229434967041016,-2.6688010692596436,-5.607972145080566,-11.778600692749023,-5.119039058685303,-12.066277503967285,-22.076658248901367,-15.811158180236816,-5.960203647613525,-1.3555024862289429,2.270219326019287,2.0301105976104736,-3.5241217613220215,-8.801899909973145,-11.893680572509766,-12.029556274414062,-5.643584251403809,571.9803238,572.0557022,571.591568,570.2983856,570.2983856,570.3617859,570.8749008,571.2800217,571.1706543,570.1219559,570.1219559,569.3228531,717.4240875,568.9424515,566.6453171,689.0609741,689.0609741,678.2833099,671.6146851,664.8750305,536.3441467,527.4250412,527.4250412,519.3626022,510.7855606,503.2497406,502.2979736,503.6544037,503.6544037,502.0130539
70,-424.9610290527344,238.2794952392578,27.931716918945312,-31.642107009887695,2.0994651317596436,3.7769782543182373,-12.258877754211426,-9.367795944213867,-10.224939346313477,-18.994970321655273,-15.207106590270996,-4.805087566375732,-2.9106462001800537,-6.142923831939697,-6.723996162414551,-4.440913200378418,-2.6419403553009033,-3.045605421066284,-2.5379416942596436,0.4824013411998749,503.7749481,503.193512,499.1883087,503.7005615,503.7005615,504.8360825,507.5614166,510.6053925,648.1304932,650.3410339,650.3410339,645.6395721,640.1853943,636.9335938,636.9258499,635.9651947,635.9651947,635.8915329,637.755127,638.8890839,639.6495438,639.2816544,639.2816544,638.2595062,640.668869,496.4356995,500.1755524,500.2767944,500.2767944,499.643364
71,-376.7118225097656,238.7711944580078,8.703121185302734,-28.053203582763672,4.82657527923584,-14.368931770324707,-22.366491317749023,-9.871057510375977,-17.9982852935791,-21.689001083374023,-13.215455055236816,-15.237770080566406,-11.302101135253906,4.73926305770874,7.958773136138916,2.9174814224243164,3.2600901126861572,-0.925274670124054,-7.306258201599121,-4.009589672088623,500.4648209,498.9313126,500.0763321,503.3537674,503.3537674,506.7197037,509.7044373,514.4008255,511.4185715,658.1708527,658.1708527,655.0650024,654.0229797,651.6821289,511.9666672,510.5836868,510.5836868,511.022377,670.9885406,674.7853851,679.727478,680.5336761,680.5336761,687.5043488,689.3946838,689.5168304,688.1240082,686.4728546,686.4728546,685.2719879
72,-375.3915100097656,241.07675170898438,18.61890983581543,-28.32996368408203,5.9712347984313965,-8.23186206817627,-24.069534301757812,-10.628835678100586,-11.346102714538574,-18.294668197631836,-5.83322286605835,3.8064754009246826,-1.499784231185913,-4.057978630065918,-3.617511034011841,-8.932111740112305,-12.316147804260254,-8.783543586730957,-4.143372058868408,-1.1244874000549316,686.2259674,687.4377441,688.9471436,689.6073151,689.6073151,690.1597595,689.8545837,689.8978424,691.4398956,692.2505951,692.2505951,692.979126,693.9836121,694.3112946,697.6533508,705.6317902,705.6317902,722.5061798,747.4256134,503.3260345,507.3244476,780.3954315,780.3954315,503.6771393,787.4126434,504.7557068,505.8247757,510.1821136,510.1821136,788.9385986
73,-413.6392822265625,229.57687377929688,30.74003791809082,-20.084991455078125,6.5700178146362305,-1.1794425249099731,-16.338314056396484,-10.402164459228516,-12.20935344696045,-21.324630737304688,-16.142017364501953,-3.8736488819122314,2.256951093673706,5.841873645782471,7.646537780761719,1.6990203857421875,-7.960849761962891,-10.396693229675293,-5.210125923156738,-2.4518508911132812,789.0410614,553.9218521,783.8013458,784.0586853,784.0586853,783.9980316,782.169342,779.0149689,776.0398865,543.9212799,543.9212799,532.3685074,525.1071167,518.2352448,515.6887436,509.4542694,509.4542694,511.0977936,509.692955,736.4923859,733.394165,732.2888184,732.2888184,502.9664993,731.8547821,731.449585,732.308197,733.0966187,733.0966187,510.8460999
74,-411.2074279785156,250.9170684814453,30.088516235351562,-26.0654239654541,7.113287448883057,2.5615956783294678,-14.941359519958496,-9.090203285217285,-6.412960529327393,-15.826038360595703,-17.10552406311035,-6.9202728271484375,-0.9079915285110474,-1.275907039642334,3.406656503677368,9.561798095703125,6.485117435455322,0.9824799299240112,1.5720226764678955,1.9754427671432495,506.33461,506.1928177,505.4730988,716.6803741,716.6803741,713.0322266,711.9252014,709.041214,707.5395966,698.2744598,698.2744598,690.5818939,683.1993103,676.7896271,677.338028,677.8491211,677.8491211,679.5054626,679.2547607,680.793457,685.1104736,694.3255615,694.3255615,699.9239349,703.8184357,705.8094025,704.9052429,703.9216614,703.9216614,704.7558594
75,-374.9355163574219,242.50804138183594,23.27886962890625,-27.880834579467773,7.084774494171143,-3.685920000076294,-21.929489135742188,-9.128012657165527,-6.8864593505859375,-19.88131332397461,-17.701622009277344,-7.363903522491455,-4.701416492462158,-0.9399405121803284,6.584230422973633,8.069130897521973,2.922907590866089,-3.148433208465576,-6.523983478546143,-6.469516277313232,704.1197205,702.9186249,701.7311859,703.0371094,703.0371094,532.3487091,533.4951782,533.7826538,533.8648987,534.0832138,534.0832138,534.6078491,711.9285583,532.3630905,716.2300873,713.5569763,713.5569763,712.6916504,712.8945923,711.5860748,711.4258575,709.8934937,709.8934937,531.8213654,711.9643402,706.3302612,707.3968506,533.0434418,533.0434418,533.0435562
76,-367.873779296875,235.92025756835938,17.934438705444336,-25.19024658203125,9.55759048461914,-1.472655177116394,-18.307514190673828,-11.539176940917969,-12.562936782836914,-22.35964584350586,-17.41553497314453,-3.641240358352661,-2.092505693435669,-5.801476955413818,-1.6564010381698608,0.27800822257995605,-2.4963972568511963,0.07509613037109375,3.9490044116973877,1.9094767570495605,534.1175079,533.5870361,534.2573547,535.5701447,535.5701447,535.5821609,535.2934647,536.5195847,537.5487137,537.7788544,537.7788544,539.6364594,539.8577499,540.7374191,539.6154022,541.0981369,541.0981369,540.7214355,539.7133255,539.0127182,538.2076263,537.1684265,537.1684265,537.289238,536.5090942,534.4227219,532.9166794,531.2221146,531.2221146,525.6829834
77,-417.55859375,240.09530639648438,24.10005760192871,-29.31134033203125,5.495356559753418,0.7030350565910339,-15.195337295532227,-6.908121585845947,-7.136439323425293,-17.21156120300293,-13.596789360046387,-4.725949287414551,-3.0324909687042236,-2.771947145462036,-2.4862256050109863,-4.996081352233887,-7.084094047546387,-6.6737895011901855,-5.023395538330078,-3.3287413120269775,523.5406113,711.1778259,712.9507446,714.6141052,714.6141052,714.6000671,515.8372879,512.8676224,512.8672409,512.8625107,512.8625107,513.1235886,513.1033707,513.2488632,513.8899994,513.146553,513.146553,512.6856232,513.1314087,512.7066803,500.0318146,745.5413818,745.5413818,493.794899,492.5601578,494.2399597,497.003479,797.0159149,797.0159149,808.3527374
78,-401.0529479980469,246.09161376953125,23.87645149230957,-27.642364501953125,4.8940205574035645,-6.764339923858643,-24.645580291748047,-14.526577949523926,-11.970873832702637,-18.257980346679688,-12.83515739440918,-4.91223669052124,-3.7819266319274902,-1.5643161535263062,3.0624477863311768,3.4575483798980713,-0.9748926162719727,-5.5590057373046875,-6.0527520179748535,-2.496572494506836,811.8087006,810.5466461,807.8339386,496.2758255,496.2758255,491.0210419,492.3482132,509.2863464,504.4527435,498.8702774,498.8702774,497.8775787,809.2578125,810.4602051,811.6291046,812.1539307,812.1539307,815.4606628,816.1066437,818.006134,817.6507568,815.8296967,815.8296967,813.4455109,815.3471375,817.5876617,821.914978,821.3417816,821.3417816,821.7794037
79,-366.55181884765625,239.2492218017578,29.249279022216797,-30.254716873168945,0.18103817105293274,0.3932965099811554,-15.29545783996582,-12.614864349365234,-8.257561683654785,-6.739473342895508,0.09878260642290115,5.26246452331543,3.2199935913085938,-0.061299510300159454,-1.346355676651001,-4.990462303161621,-10.841485023498535,-10.144165992736816,-1.9982523918151855,3.0684590339660645,821.3719177,827.2509766,824.3327332,834.1369629,834.1369629,837.6035309,843.5227203,845.5979919,849.3011475,848.4442902,848.4442902,847.5179291,846.9110107,846.0098267,845.761795,848.0207062,848.0207062,848.5230255,847.7671814,847.9458618,847.8154755,848.1516266,848.1516266,848.6231232,848.8655853,847.9431915,848.4326172,847.3814392,847.3814392,848.2515717
80,-353.9013671875,260.3961486816406,9.000518798828125,-26.42340087890625,18.300039291381836,-2.210986375808716,-20.859424591064453,-4.93573522567749,0.21549242734909058,-5.093958377838135,-3.333885908126831,1.0607091188430786,3.3070485591888428,0.7438907027244568,-5.783870697021484,-9.26378345489502,-9.673007011413574,-10.310585975646973,-7.4736552238464355,-0.3337232172489166,851.8245697,853.3420563,852.8350067,856.3684082,856.3684082,859.8596191,861.5821075,862.0465851,862.2383118,862.4695587,862.4695587,505.8403015,863.3757019,864.5786285,0.0,0.0,0.0,0.0,0.0,539.7788239,549.2441559,553.4180069,553.4180069,857.2415924,554.1849518,551.550827,548.7080002,535.940094,535.940094,527.7535248
81,-344.5511779785156,270.2456359863281,12.33398151397705,-31.06342315673828,18.583786010742188,6.334430694580078,-15.783123016357422,-5.775073051452637,-1.103405475616455,-6.333547115325928,-2.246232748031616,4.450555801391602,1.4197862148284912,-4.025944232940674,-2.4973506927490234,0.28778302669525146,-2.149503469467163,-7.209979057312012,-9.764899253845215,-5.674701690673828,515.7637787,512.3130798,509.732399,507.0487213,507.0487213,505.4872131,507.4887848,518.7368393,515.4935455,511.1573029,511.1573029,509.4824982,508.886795,507.6901245,512.538147,514.9856567,514.9856567,521.1256409,790.8560944,547.5262451,570.9423065,592.4219894,592.4219894,791.8215179,790.9011841,787.2859955,782.5491333,782.0808411,782.0808411,785.2163696
82,-350.6577453613281,242.584228515625,11.704413414001465,-25.047725677490234,18.075292587280273,2.8823940753936768,-17.638444900512695,-6.609910488128662,-2.733870267868042,-10.183084487915039,-10.925802230834961,-8.203224182128906,-6.261362552642822,-0.5919235944747925,5.801380157470703,5.150210380554199,-0.2628419101238251,-3.5333592891693115,-3.9893150329589844,-2.7365944385528564,784.8918915,785.1445007,782.6979828,783.2172394,783.2172394,782.4499512,781.8418884,783.4488678,781.4859009,779.9627686,779.9627686,608.902092,606.5155792,789.8474121,785.7290649,783.9730072,783.9730072,595.5858612,588.1750488,578.5988998,570.5333328,559.5819473,559.5819473,547.5567627,536.2943649,536.7813873,538.0172729,538.4225464,538.4225464,541.736908
83,-380.2930908203125,249.9626922607422,8.487975120544434,-31.212627410888672,15.104512214660645,6.408539295196533,-11.022027015686035,-5.285215854644775,-6.218019485473633,-13.366398811340332,-13.617774963378906,-7.904683589935303,-2.1706702709198,-1.4576467275619507,-3.3898606300354004,-3.8381025791168213,-2.3614675998687744,0.2560204565525055,1.103308081626892,1.4837892055511475,542.2755814,540.1441193,539.811554,540.3281021,540.3281021,538.2694626,801.0748291,798.6273193,529.2664337,526.7537689,526.7537689,526.8365097,805.0720215,530.794754,528.7033463,533.0500793,533.0500793,812.3161316,807.4952698,524.4832611,513.7460327,805.8499908,805.8499908,804.4755554,506.0160065,504.3081284,504.3299484,499.8193359,499.8193359,494.8840332
84,-412.6961975097656,238.8132781982422,12.252557754516602,-26.39975929260254,13.858513832092285,0.864818274974823,-16.942363739013672,-7.44200325012207,-6.917469024658203,-14.931203842163086,-12.159001350402832,-3.9397358894348145,2.734292984008789,9.083117485046387,12.595972061157227,8.501190185546875,-1.334285020828247,-6.200046062469482,-3.8316359519958496,-3.817906618118286,495.6748962,492.8530502,491.7510223,806.4305878,806.4305878,809.1568756,812.1878052,490.2249527,490.4685211,818.9746857,818.9746857,487.5340271,818.923111,819.2233276,820.756073,820.2099609,820.2099609,821.824646,488.0499268,489.7465134,488.3644485,488.2123947,488.2123947,485.5076218,485.0984192,485.8725739,490.0611115,501.047554,501.047554,507.3756409
85,-396.76885986328125,252.5465545654297,25.507614135742188,-31.131460189819336,5.126428127288818,1.2399169206619263,-16.479164123535156,-11.671806335449219,-5.51594877243042,-2.957993745803833,2.2009029388427734,3.708449125289917,-0.45297595858573914,-4.434758186340332,-4.333845615386963,-3.786522626876831,-6.792121410369873,-7.159593105316162,-1.5592153072357178,1.8686107397079468,518.1190872,525.5191803,526.8112183,529.4766998,529.4766998,530.0123978,531.4481735,532.2844696,530.0643158,532.7494812,532.7494812,533.1621933,531.2078476,531.547699,532.5972366,533.4356308,533.4356308,535.4475784,906.7671967,910.7115173,912.130661,906.2758636,906.2758636,906.0609436,905.7553864,910.4895782,912.0130157,911.1991882,911.1991882,511.6358566
86,-398.893310546875,264.811279296875,28.710769653320312,-28.265546798706055,14.32241153717041,8.794499397277832,-14.484318733215332,-10.281871795654297,-6.321832656860352,-10.908123970031738,-8.639084815979004,-4.154563903808594,-4.579543590545654,-3.8723082542419434,1.7782435417175293,5.886197566986084,2.2584445476531982,-4.02995491027832,-4.66080379486084,-2.1931838989257812,508.8515854,507.7881241,506.350975,0.0,0.0,0.0,510.7044983,509.3775558,975.7783508,509.4188309,509.4188309,511.1632538,510.6221008,513.5284042,512.570076,510.1199341,510.1199341,512.0807648,980.4460907,515.8950043,983.4941101,989.4205475,989.4205475,985.4273224,982.9384613,980.1517487,980.291214,981.302948,981.302948,980.7038879
87,-329.1597595214844,282.32806396484375,2.7954676151275635,-26.960418701171875,28.280820846557617,6.54541015625,-9.859357833862305,3.1865673065185547,-2.319023847579956,-9.386600494384766,-5.719793319702148,-6.730488300323486,-6.109752655029297,0.01278161071240902,2.0734357833862305,0.5037966370582581,-0.29564735293388367,-1.9062983989715576,-6.5656514167785645,-10.64296817779541,978.6448669,982.341156,979.1485596,967.4269867,967.4269867,961.3204193,955.4533386,508.6480713,510.093689,954.2694092,954.2694092,953.0369568,955.3528595,956.6344452,954.1396332,953.2444763,953.2444763,954.1733551,955.6035614,955.025177,955.2751923,956.2107849,956.2107849,956.1682892,956.0260773,950.6283569,942.0871735,938.8497162,938.8497162,935.2576447
88,-319.5062255859375,266.4764099121094,-1.410537600517273,-27.09440040588379,24.63755226135254,4.400179386138916,-9.320865631103516,2.1755452156066895,-3.1762688159942627,-9.602433204650879,-7.245361328125,-4.967689037322998,-1.419345498085022,2.2975778579711914,5.864100933074951,5.843347072601318,-0.29929104447364807,-3.134773015975952,-3.925971031188965,-7.268211841583252,921.5732574,913.7378693,907.8489685,508.8493347,508.8493347,906.3706207,908.5951233,911.3154602,913.2388306,905.8929443,905.8929443,891.5280151,883.2189178,873.1761932,871.9158936,468.6270905,468.6270905,454.9022675,444.0473175,439.3515778,858.5159302,862.6556396,862.6556396,873.7879181,891.5615845,899.7866821,906.7388153,906.1737823,906.1737823,437.1663666
89,-316.6866149902344,254.37847900390625,20.590837478637695,-27.305355072021484,13.450984954833984,4.045762538909912,-14.571592330932617,-7.317164421081543,-7.617375373840332,-11.270800590515137,-0.6664773225784302,8.321664810180664,5.486046314239502,0.8079058527946472,-0.8977571725845337,-3.5708932876586914,-8.563139915466309,-11.297297477722168,-8.187089920043945,-2.6484203338623047,435.4737854,433.9442444,431.2506866,432.3897934,432.3897934,428.277626,427.5644302,919.2643738,440.8445358,923.5784912,923.5784912,925.8907318,929.3115234,933.4057617,941.1859894,943.2003784,943.2003784,939.5439148,934.3244171,928.553772,925.5771637,924.4850159,924.4850159,923.9094543,923.9871979,921.8770599,923.5977936,923.0982208,923.0982208,922.7425385
90,-343.19293212890625,255.02796936035156,25.86548614501953,-34.27931594848633,5.601191520690918,6.386007308959961,-12.027385711669922,-5.424906253814697,2.7683684825897217,1.4892337322235107,4.241530895233154,7.564846515655518,2.378932476043701,-7.500842094421387,-14.357483863830566,-15.234049797058105,-11.224273681640625,-5.058620452880859,-1.4387367963790894,-2.8589022159576416,447.8988266,905.3089905,446.8357849,447.2806168,447.2806168,447.1985626,831.1901093,447.1412277,446.8764877,447.1924973,447.1924973,0.0,449.9930573,839.901123,845.3459167,849.5983124,849.5983124,442.9654312,442.8538132,450.5509949,452.3096085,871.5729523,871.5729523,873.117218,871.9494629,871.219101,455.7586288,453.2474136,453.2474136,452.4749374
91,-371.8043212890625,250.6791229248047,25.403207778930664,-23.514694213867188,16.716991424560547,11.268853187561035,-7.7053937911987305,-2.949159860610962,-0.7610805034637451,-3.5939865112304688,-0.5342538952827454,-0.09773138165473938,-3.708430767059326,-2.472562074661255,0.23624061048030853,-4.452032089233398,-10.852349281311035,-8.193742752075195,-2.0951573848724365,-2.0315840244293213,836.5028381,443.0699921,440.6145859,445.4167557,445.4167557,454.8358917,454.2073059,448.1994629,450.5393982,779.5230103,779.5230103,776.8846893,774.9365997,775.4196167,778.7273407,789.981308,789.981308,496.5146255,806.5781403,810.7836914,810.2919769,810.3617096,810.3617096,473.2129669,457.9449844,446.5766907,438.4368134,436.6265106,436.6265106,439.9573135
92,-315.5555725097656,246.18331909179688,14.395397186279297,-28.954275131225586,12.117226600646973,3.0118751525878906,-12.21928882598877,-4.277325630187988,-6.764358043670654,-12.951988220214844,-4.319363117218018,5.468792915344238,5.920958042144775,1.4604661464691162,-5.173346996307373,-10.35454273223877,-11.888114929199219,-12.805988311767578,-11.971153259277344,-5.942230701446533,438.2793045,436.3367462,833.8820648,437.7996063,437.7996063,0.0,434.8076248,436.3690567,872.04422,872.4260712,872.4260712,869.5388794,873.1945038,874.0233612,443.6424637,443.3565903,443.3565903,879.8825073,439.4275665,881.592865,438.9060974,884.9427032,884.9427032,444.6255493,442.1193314,440.696106,436.6159821,437.9832458,437.9832458,899.1914368
93,-335.36077880859375,254.44821166992188,21.64014434814453,-27.09815788269043,8.567316055297852,0.9506722688674927,-13.048482894897461,-7.756215572357178,-8.284645080566406,-6.915266990661621,6.4291768074035645,11.7401762008667,2.1612308025360107,-6.154207229614258,-9.707108497619629,-13.73559284210205,-14.201675415039062,-10.353185653686523,-5.16601037979126,0.7261823415756226,906.795578,908.3659363,908.0150604,908.3285522,908.3285522,911.259079,919.810791,920.9901428,919.3678284,918.9988708,918.9988708,917.7927399,914.3745422,911.9128418,910.6848145,911.2825775,911.2825775,436.4810181,912.6551056,914.6756744,916.0447693,916.6919708,916.6919708,915.945282,914.6137238,914.8066711,913.1552124,914.7521973,914.7521973,915.3128815
94,-404.0353698730469,244.05543518066406,38.95426559448242,-20.437213897705078,-1.315874695777893,0.023187287151813507,-7.316739559173584,-3.5595242977142334,1.2504082918167114,2.546907663345337,10.192448616027832,17.158533096313477,7.081355571746826,-8.820592880249023,-16.648298263549805,-17.861949920654297,-12.067689895629883,-5.0739970207214355,-3.6242058277130127,-4.832030296325684,915.5161285,915.3229523,916.5041351,469.3656921,469.3656921,473.5463333,476.9480133,482.6115417,488.0355835,921.6864014,921.6864014,492.8945541,923.5023499,919.9982452,918.7906647,916.6555023,916.6555023,912.663269,911.7819214,912.9437256,913.6886597,914.5236206,914.5236206,913.7068939,915.9255981,918.4920502,919.045639,917.0308685,917.0308685,918.6104584
95,-401.67730712890625,234.7974853515625,39.395870208740234,-22.843503952026367,0.5301233530044556,4.253628253936768,-3.8828349113464355,0.5380403995513916,1.6629259586334229,-0.015269268304109573,3.9916908740997314,5.051674842834473,0.2070741504430771,-3.6933979988098145,-5.386123180389404,-5.742343425750732,-3.937382936477661,-1.644025206565857,-1.2418960332870483,-1.5022695064544678,916.374054,919.7634888,922.5723267,924.7969055,924.7969055,926.6149902,928.7004089,932.6708221,932.3120117,933.5414124,933.5414124,930.451889,927.4399567,926.8984985,927.0114136,925.1558685,925.1558685,923.9076996,922.7513123,528.7186813,529.0697861,527.3923492,527.3923492,528.2354736,0.0,0.0,531.7705154,535.4786682,535.4786682,541.1566925
96,-446.050048828125,205.58914184570312,38.6750373840332,-15.331746101379395,2.986137628555298,1.9154480695724487,-6.244214057922363,0.22969570755958557,-1.6083232164382935,-11.757938385009766,-10.526217460632324,-0.8394585847854614,7.541202068328857,13.301136016845703,13.263604164123535,6.809752941131592,-0.16442932188510895,-4.641811370849609,-6.7580132484436035,-5.673953533172607,983.4727478,994.0211487,1002.871704,1006.358719,1006.358719,1009.123611,1007.96669,1010.636902,1012.927017,1014.624176,1014.624176,1015.708237,1015.410767,1014.795609,1015.153961,1016.131973,1016.131973,1016.327057,1016.519699,1015.530472,1015.830002,1014.672623,1014.672623,1015.501862,556.4527512,1014.290466,1014.684067,1014.821625,1014.821625,1014.246216
97,-494.6630859375,191.3245086669922,47.311973571777344,-17.356077194213867,-5.34165096282959,8.7697172164917,5.758620738983154,0.0950203388929367,-7.843934535980225,-15.699287414550781,-15.175899505615234,-9.511229515075684,-3.47145414352417,4.8135986328125,11.151368141174316,10.853860855102539,9.879620552062988,11.573814392089844,9.332518577575684,-0.9680765867233276,1014.415436,1014.923401,1014.620361,1015.064545,1015.064545,1014.465179,1013.992538,1015.290833,561.6226959,562.5904846,562.5904846,559.871254,559.3748856,559.8401642,0.0,0.0,0.0,560.4142761,560.6168365,561.3100433,561.2588882,559.6567535,559.6567535,560.3977966,559.9583817,558.8022232,559.9358749,560.6149673,560.6149673,558.4181213
98,-509.2214050292969,215.68202209472656,56.668643951416016,-14.148308753967285,0.9339224100112915,13.958106994628906,2.396498203277588,-5.233405590057373,-5.611128330230713,-10.041040420532227,-13.921455383300781,-12.01293659210205,-8.293373107910156,-3.3181145191192627,4.493851184844971,10.750125885009766,11.416160583496094,8.333569526672363,3.437934637069702,-4.296868801116943,558.5063553,558.498764,559.1466904,560.3288651,560.3288651,560.7057953,559.2715073,558.022728,557.8511429,558.0454636,558.0454636,557.905426,557.193718,558.245697,558.4690094,1022.1035,1022.1035,1022.682648,558.8007736,559.464035,558.9100266,1022.208939,1022.208939,1022.651062,559.1116714,559.2115402,558.3314896,558.7548828,558.7548828,1019.712143
99,-583.4307861328125,274.856201171875,48.43628692626953,-28.87484359741211,-1.3931961059570312,22.851459503173828,17.717361450195312,7.890608310699463,3.8029708862304688,-5.285686016082764,-13.385489463806152,-11.506063461303711,-9.322364807128906,-11.839653968811035,-11.117025375366211,-2.8277721405029297,5.236058235168457,4.433933734893799,-0.0520479716360569,-1.5383720397949219,1020.064316,1020.199203,1017.917328,1017.667084,1017.667084,1018.426743,1019.521179,1018.865967,1018.246841,1016.175461,1016.175461,1014.450455,1011.025848,1013.572311,1015.940704,1013.564301,1013.564301,1014.03038,1015.642548,553.5928726,552.8321075,1013.256531,1013.256531,1011.875,551.1552048,551.9228745,550.6678009,1008.147888,1008.147888,1008.204803
100,-641.2232055664062,268.9761657714844,52.429107666015625,-9.116654396057129,-30.20538330078125,11.057875633239746,4.42946195602417,1.0210801362991333,-10.703292846679688,-7.961613178253174,-5.8336076736450195,-1.4445806741714478,6.710391044616699,2.1008388996124268,0.14062780141830444,-5.489145278930664,-0.0311539638787508,0.9184434413909912,1.902927041053772,-1.902562141418457,1007.302856,1006.292877,1006.693497,1005.26329,1005.26329,1004.957275,1003.062134,1002.068634,1002.628098,1002.77916,1002.77916,1003.404999,1002.44545,1002.127151,1002.923584,1002.444992,1002.444992,1000.678558,999.3890381,999.377594,557.1485901,558.5086823,558.5086823,559.153862,997.322998,997.7679443,997.6643372,997.3058319,997.3058319,997.2212982
